
INSERT INTO PUBLIC.USER(USERNAME, ENABLED, PASSWORD) VALUES
('admin', TRUE, '$2a$10$SwcYBUexh9s7iEIX7pM/G.BOgVdqYxzVyal6Qjty/tq9YJ97EGRoO'),
('lisa', TRUE, '$2a$10$SwcYBUexh9s7iEIX7pM/G.BOgVdqYxzVyal6Qjty/tq9YJ97EGRoO'),
('user1', TRUE, '$2a$10$SwcYBUexh9s7iEIX7pM/G.BOgVdqYxzVyal6Qjty/tq9YJ97EGRoO'),
('user2', TRUE, '$2a$10$SwcYBUexh9s7iEIX7pM/G.BOgVdqYxzVyal6Qjty/tq9YJ97EGRoO'),
('tade', TRUE, '$2a$10$z2i4vvTM1IEVd5ip5TFyXOw/1DgXnSJI92R3m95UM8gr8t0w.zkD.'),
('lillian', TRUE, '$2a$10$SwcYBUexh9s7iEIX7pM/G.BOgVdqYxzVyal6Qjty/tq9YJ97EGRoO'),
('manock', TRUE, '$2a$10$SwcYBUexh9s7iEIX7pM/G.BOgVdqYxzVyal6Qjty/tq9YJ97EGRoO'),
('trumpi', TRUE, '$2a$10$SwcYBUexh9s7iEIX7pM/G.BOgVdqYxzVyal6Qjty/tq9YJ97EGRoO');          

-- 12 +/- SELECT COUNT(*) FROM PUBLIC.USER_USER_ROLE;          
INSERT INTO PUBLIC.USER_USER_ROLE(USER_USERNAME, ROLES) VALUES
('admin', 'STAFF'),
('lisa', 'PARENT'),
('lisa', 'INACTPARENT'),
('user1', 'STAFF'),
('user2', 'INACTPARENT'),
('tade', 'PARENT'),
('tade', 'INACTPARENT'),
('lillian', 'PARENT'),
('lillian', 'INACTPARENT'),
('manock', 'STAFF'),
('trumpi', 'PARENT'),
('trumpi', 'INACTPARENT');    

INSERT INTO PUBLIC.PERSON(DTYPE, PERSON_ID, BIRTHDAY, CITY, CREATE_DATE, EMAIL, ENABLED, FIRST_NAME, GENDER, LAST_NAME, PHONE_BUSINESS, PHONE_PRIVATE, PHOTO, STREET, UPDATE_DATE, ZIPCODE, ALLERGIES, COMMENTS, DE_REGISTRATION_DATE, REGISTRATION_DATE, CREATE_USER_PERSON_ID, UPDATE_USER_PERSON_ID, USER_USERNAME, EMERGENCY_CONTACT_PERSON_ID) VALUES
('Staff', 1, NULL, NULL, TIMESTAMP '2016-01-01 00:00:00.0', NULL, TRUE, 'Admin', NULL, 'Istrator', NULL, NULL, NULL, NULL, NULL, NULL, NULL, NULL, NULL, NULL, NULL, NULL, 'admin', NULL),
('Parent', 2, DATE '1980-12-01', 'Innsbruck', TIMESTAMP '2016-01-01 00:00:00.0', 'l.r1nd@gmail.com', TRUE, 'Lisa', 0, 'Rindmulch', '+(43) 777777', '+(43) 66666666', '/images/jpg2762571610264795754Person_with_mohawk_Stockholm_Pride_Festival_2009.jpg', 'Burggraben 1', NULL, '6020', NULL, NULL, NULL, NULL, NULL, NULL, 'lisa', NULL),
('Staff', 3, NULL, NULL, TIMESTAMP '2016-01-01 00:00:00.0', NULL, TRUE, 'John', 1, 'Cena', NULL, NULL, NULL, NULL, NULL, NULL, NULL, NULL, NULL, NULL, NULL, NULL, 'user1', NULL),
('Parent', 4, NULL, NULL, TIMESTAMP '2016-12-26 23:24:40.0', NULL, TRUE, 'Patrick', 1, 'Sanchez', NULL, NULL, NULL, NULL, NULL, NULL, NULL, NULL, NULL, NULL, NULL, NULL, 'user2', NULL),
('Child', 6, DATE '2010-02-16', NULL, TIMESTAMP '2017-02-16 19:28:11.0', NULL, TRUE, 'Antonio', 1, 'Butler', NULL, NULL, NULL, NULL, NULL, NULL, NULL, NULL, DATE '2017-02-16', DATE '2017-10-16', NULL, NULL, NULL, 1),
('Child', 7, DATE '2015-05-15', NULL, TIMESTAMP '2016-11-09 06:02:48.0', NULL, TRUE, 'Shawn', 1, 'White', NULL, NULL, NULL, NULL, NULL, NULL, NULL, NULL, DATE '2017-02-16', DATE '2017-10-16', NULL, NULL, NULL, 1),
('Parent', 15, NULL, NULL, TIMESTAMP '2016-08-24 09:37:34.0', NULL, TRUE, 'Lillian', 2, 'Bennett', NULL, NULL, '/images/jpg5121979941798706337tierbilder_20110113_2001878761.jpg', NULL, NULL, NULL, NULL, NULL, NULL, NULL, NULL, NULL, 'lillian', NULL);

INSERT INTO PUBLIC.PERSON(DTYPE, PERSON_ID, BIRTHDAY, CITY, CREATE_DATE, EMAIL, ENABLED, FIRST_NAME, GENDER, LAST_NAME, PHONE_BUSINESS, PHONE_PRIVATE, PHOTO, STREET, UPDATE_DATE, ZIPCODE, ALLERGIES, COMMENTS, DE_REGISTRATION_DATE, REGISTRATION_DATE, CREATE_USER_PERSON_ID, UPDATE_USER_PERSON_ID, USER_USERNAME, EMERGENCY_CONTACT_PERSON_ID) VALUES
('Parent', 24, NULL, 'Ibk', TIMESTAMP '2017-05-06 11:33:46.778', 't@gmx.at', FALSE, 'daniel', 1, 'test', '', '+(66) 4000000000', '/images/jpg5759084817594708914daniel.jpg', '64', NULL, '6020', NULL, NULL, NULL, NULL, 1, NULL, 'tade', NULL),
('ReferencePerson', 25, NULL, 'Ibk', TIMESTAMP '2017-05-06 11:33:46.778', 't@gmx.at', FALSE, 'Hulk', 1, 'Hogan', '', '+(66) 4000000000', '', '64', NULL, '6020', NULL, NULL, NULL, NULL, 1, NULL, NULL, NULL),
('ReferencePerson', 26, NULL, 'Ibk', TIMESTAMP '2017-05-08 11:35:46.778', 'vim@diesel.com', TRUE, 'Vim', 1, 'Diesel', '', '+(66) 4000000000', '/images/jpg6820625959289812134MZpEfGW.jpg', '64', NULL, '6020', NULL, NULL, NULL, NULL, 2, NULL, NULL, NULL),
('ReferencePerson', 27, NULL, 'Ibk', TIMESTAMP '2017-05-06 11:33:46.778', 't@gmx.at', FALSE, 'Hulk2', 1, 'Hogan', '', '+(66) 4000000000', '', '64', NULL, '6020', NULL, NULL, NULL, NULL, 1, NULL, NULL, NULL),
('Staff', 28, NULL, 'Innsbruck', TIMESTAMP '2017-06-03 13:50:02.149', 't@gmail.com', TRUE, 'Marlene', 2, 'Nocker', '', '+(43) 6641010101', '', '', NULL, '6020', NULL, NULL, NULL, NULL, 1, NULL, 'manock', NULL),
('Parent', 30, DATE '2006-06-06', 'Washington', TIMESTAMP '2017-06-03 13:59:37.016', 't@gmail.com', TRUE, 'Donald', 0, 'Trump', '+(00) 000000', '+(40) 48484848', '/images/jpg8394723762591927905Donald_Trump.jpg', STRINGDECODE('Wei\u00dfe Haus 1'), TIMESTAMP '2017-06-03 14:14:33.714', '65535', NULL, NULL, NULL, NULL, 28, 30, 'trumpi', NULL),
('Child', 31, DATE '2013-06-05', NULL, TIMESTAMP '2017-06-03 14:03:04.158', NULL, TRUE, 'Tick', 1, 'Trump', NULL, NULL, '/images/gif7120279765089813987kkk05.gif', NULL, TIMESTAMP '2017-06-03 14:24:27.213', NULL, 'Geld', STRINGDECODE('Fast ber\u00fchmt'), DATE '2018-06-03', DATE '2017-06-03', 28, 30, NULL, 30),
('Child', 32, DATE '2012-06-05', NULL, TIMESTAMP '2017-06-03 14:05:05.534', NULL, TRUE, 'Trick', 1, 'Trump', NULL, NULL, '/images/gif9093326922156733015kkk06.gif', NULL, TIMESTAMP '2017-06-03 14:24:19.622', NULL, 'Basketball', 'kann kein Basketball - zusatz', DATE '2018-06-03', DATE '2017-06-03', 28, 30, NULL, 30),
('Child', 33, DATE '2011-06-05', NULL, TIMESTAMP '2017-06-03 14:07:16.643', NULL, TRUE, 'Track', 1, 'Trump', NULL, NULL, '/images/gif6563405046561574336kkk07.gif', NULL, TIMESTAMP '2017-06-03 14:24:35.008', NULL, 'Donald', 'Blau', DATE '2018-06-03', DATE '2017-06-03', 28, 30, NULL, 30),
('ReferencePerson', 34, DATE '2017-06-20', 'Entenhausen', TIMESTAMP '2017-06-03 14:13:43.306', 'super.reich@entenhausen.duck', TRUE, 'Dagobert', 1, 'Duck', '', '+(11) 1111111111', '/images/gif3944462606380667403dagobert03.gif', 'Geldspeicher 1', TIMESTAMP '2017-06-03 14:14:58.665', 'quackquack', NULL, NULL, NULL, NULL, 30, 28, NULL, NULL);           


-- 13 +/- SELECT COUNT(*) FROM PUBLIC.CHILD_WEEKDAY;           
INSERT INTO PUBLIC.CHILD_WEEKDAY(CHILD_PERSON_ID, SUB_DATES) VALUES
(6, 0),
(7, 0),
(31, 0),
(31, 2),
(31, 4),
(32, 0),
(32, 1),
(32, 2),
(33, 0),
(33, 2),
(33, 3),
(33, 4);

INSERT INTO PUBLIC.CHILD_REFERENCE_PERSON_RELATION(RELATION_ID, CREATE_DATE, RELATION, UPDATE_DATE, CHILD_PERSON_ID, REFERENCE_PERSON_PERSON_ID) VALUES
(1, TIMESTAMP '2017-05-22 00:00:00.0', 'Mentor', NULL, 6, 26),
(2, TIMESTAMP '2017-05-22 00:00:00.0', 'Driver', NULL, 7, 26),
(3, TIMESTAMP '2017-06-03 14:15:26.163', 'Onkel', NULL, 32, 34),
(4, TIMESTAMP '2017-06-03 14:15:35.955', 'Onkel', NULL, 31, 34),
(5, TIMESTAMP '2017-06-03 14:15:45.685', 'Onkel', NULL, 33, 34);

INSERT INTO PUBLIC.CONFIGURATION(CONFIG_ID, LOGO_URL, LUNCH_DEADLINE_DAY, LUNCH_DEADLINE_TIME, NAME, THEME) VALUES
(1, '/images/rainbow-1445337690d8q.jpg', NULL, NULL, 'Child''s Play', 'hot-sneaks');

INSERT INTO PUBLIC.CONFIGURATION_TIMES(DAY, BRING_END, BRING_START, GET_END, GET_START, CHILD_CAPACITY, OPEN) VALUES
(0, TIME '10:00:00', TIME '08:00:00', TIME '16:00:00', TIME '14:00:00', 5, TRUE),
(1, TIME '10:00:00', TIME '08:00:00', TIME '17:00:00', TIME '14:00:00', 10, TRUE),
(2, TIME '10:00:00', TIME '08:00:00', TIME '17:00:00', TIME '14:00:00', 10, TRUE),
(3, TIME '10:00:00', TIME '08:00:00', TIME '17:00:00', TIME '14:00:00', 10, TRUE),
(4, TIME '09:00:00', TIME '08:00:00', TIME '13:00:00', TIME '11:30:00', 5, TRUE),
(5, TIME '10:00:00', TIME '08:00:00', TIME '16:00:00', TIME '14:00:00', 5, FALSE),
(6, TIME '10:00:00', TIME '08:00:00', TIME '16:00:00', TIME '14:00:00', 5, FALSE);        

INSERT INTO PUBLIC.DAY_EXCEPTION(EXCEPTION_ID, ABSENT, ALTERNATE_BRING_TIME, ALTERNATE_GET_TIME, CONFIRMED, CREATE_DATE, DATE, DESCRIPTION, UPDATE_DATE, ALTERNATE_GETTER_PERSON_ID, CHILD_PERSON_ID, CONFIRMED_BY_PERSON_ID, CREATED_BY_PERSON_ID) VALUES
(1, TRUE, NULL, NULL, TRUE, TIMESTAMP '2016-01-01 00:00:00.0', DATE '2017-05-22', 'Kind kommt nicht', NULL, NULL, 7, NULL, NULL),
(2, TRUE, NULL, NULL, FALSE, TIMESTAMP '2016-01-01 00:00:00.0', DATE '2017-05-29', 'Kind kommt nicht', NULL, NULL, 7, NULL, NULL),
(3, TRUE, NULL, NULL, FALSE, TIMESTAMP '2016-01-01 00:00:00.0', DATE '2017-05-22', 'Kind kommt auch nicht', NULL, NULL, 6, NULL, NULL),
(4, FALSE, TIME '07:00:00', TIME '17:00:00', TRUE, TIMESTAMP '2016-01-01 00:00:00.0', DATE '2017-05-22', STRINGDECODE('Kommt fr\u00fcher, geht sp\u00e4ter'), NULL, NULL, 31, NULL, NULL),
(5, FALSE, NULL, NULL, TRUE, TIMESTAMP '2016-01-01 00:00:00.0', DATE '2017-05-08', 'Text', NULL, 25, 6, NULL, NULL),
(6, TRUE, NULL, NULL, TRUE, TIMESTAMP '2017-06-03 14:18:28.084', DATE '2017-06-14', 'Wird krank sein', TIMESTAMP '2017-06-03 14:21:38.361', NULL, 32, 28, 30),
(7, FALSE, TIME '08:00:00', TIME '13:00:00', TRUE, TIMESTAMP '2017-06-03 14:20:38.901', DATE '2017-06-05', 'Geb Party', TIMESTAMP '2017-06-03 14:21:39.396', 34, 31, 28, 30),
(8, FALSE, TIME '05:00:00', TIME '09:00:00', TRUE, TIMESTAMP '2017-06-03 14:21:21.828', DATE '2017-06-05', STRINGDECODE('Fr\u00fchaufsteher'), TIMESTAMP '2017-06-03 14:22:26.006', NULL, 33, 28, 30),
(9, TRUE, NULL, NULL, FALSE, TIMESTAMP '2017-06-03 14:21:21.828', DATE '2017-05-29', 'Wird krank sein', TIMESTAMP '2017-06-03 14:21:38.361', NULL, 32, NULL, 30);

INSERT INTO PUBLIC.HOLIDAY(DATE, CREATE_DATE, DESCRIPTION, UPDATE_DATE) VALUES
(DATE '2017-06-21', TIMESTAMP '2017-05-01 00:00:00.0', 'Betriebsurlaub', NULL),
(DATE '2017-06-22', TIMESTAMP '2017-05-01 00:00:00.0', 'Betriebsurlaub', NULL);

-- 7 +/- SELECT COUNT(*) FROM PUBLIC.PERSON_PARENTS;           
INSERT INTO PUBLIC.PERSON_PARENTS(CHILDREN_PERSON_ID, PARENTS_PERSON_ID) VALUES
(6, 15),
(7, 15),
(6, 2),
(7, 2),
(32, 30),
(31, 30),
(33, 30);

-- 3 +/- SELECT COUNT(*) FROM PUBLIC.PERSON_SIBLINGS;          
INSERT INTO PUBLIC.PERSON_SIBLINGS(CHILD_PERSON_ID, SIBLINGS_PERSON_ID) VALUES
(32, 32),
(31, 32),
(33, 32);   

INSERT INTO PUBLIC.TASK(TASK_ID, CREATE_DATE, DESCRIPTION, DONE, FROM_DATE, TITLE, TO_DATE, UPDATE_DATE, ASSIGNED_PERSON_ID, ASSIGNED_BY_PERSON_ID) VALUES
(1, TIMESTAMP '2016-12-24 18:24:35.0', 'Erschaffe die Weld', NULL, DATE '2017-05-01', '1', DATE '2017-05-24', TIMESTAMP '2017-05-06 11:19:41.918', 2, NULL),
(2, TIMESTAMP '2016-12-24 18:24:35.0', 'Erschaffe die 2te Weld', NULL, DATE '2017-05-09', 'asdf', DATE '2017-05-18', TIMESTAMP '2017-05-06 11:25:35.217', 2, NULL),
(3, TIMESTAMP '2017-05-06 11:34:12.147', 'he', NULL, DATE '2017-05-06', 'mach mal was', DATE '2017-05-06', NULL, 24, 1),
(4, TIMESTAMP '2017-06-03 14:08:34.709', STRINGDECODE('Nutze die Klimaerw\u00e4rmung'), NULL, DATE '2017-06-03', STRINGDECODE('Zerst\u00f6re die Welt'), DATE '2017-12-31', NULL, 30, 28);

ALTER TABLE PUBLIC.PERSON DROP CONSTRAINT PUBLIC.FKBGBJO63J9BX7KT1UDIBC1NVPT;
ALTER TABLE PUBLIC.PERSON ADD CONSTRAINT PUBLIC.FKBGBJO63J9BX7KT1UDIBC1NVPT FOREIGN KEY(CREATE_USER_PERSON_ID) INDEX PUBLIC.FKBGBJO63J9BX7KT1UDIBC1NVPT_INDEX_8 REFERENCES PUBLIC.PERSON(PERSON_ID) ON DELETE SET NULL NOCHECK;
ALTER TABLE PUBLIC.PERSON DROP CONSTRAINT PUBLIC.FKRP5JV457UCYR49DRU0EORKVA9;
ALTER TABLE PUBLIC.PERSON ADD CONSTRAINT PUBLIC.FKRP5JV457UCYR49DRU0EORKVA9 FOREIGN KEY(UPDATE_USER_PERSON_ID) INDEX PUBLIC.FKRP5JV457UCYR49DRU0EORKVA9_INDEX_8 REFERENCES PUBLIC.PERSON(PERSON_ID) ON DELETE SET NULL NOCHECK;
ALTER TABLE PUBLIC.DAY_EXCEPTION DROP CONSTRAINT PUBLIC.FK1WW6TA1KLMTPXIHYFSBGRQRFP;
ALTER TABLE PUBLIC.DAY_EXCEPTION ADD CONSTRAINT PUBLIC.FK1WW6TA1KLMTPXIHYFSBGRQRFP FOREIGN KEY(CONFIRMED_BY_PERSON_ID) INDEX PUBLIC.FK1WW6TA1KLMTPXIHYFSBGRQRFP_INDEX_B REFERENCES PUBLIC.PERSON(PERSON_ID) ON DELETE SET NULL NOCHECK;
ALTER TABLE PUBLIC.DAY_EXCEPTION DROP CONSTRAINT PUBLIC.FKBL4G08PVS3QBK54HTH2I9S9GU;
ALTER TABLE PUBLIC.DAY_EXCEPTION ADD CONSTRAINT PUBLIC.FKBL4G08PVS3QBK54HTH2I9S9GU FOREIGN KEY(CREATED_BY_PERSON_ID) INDEX PUBLIC.FKBL4G08PVS3QBK54HTH2I9S9GU_INDEX_B REFERENCES PUBLIC.PERSON(PERSON_ID) ON DELETE SET NULL NOCHECK;
ALTER TABLE PUBLIC.TASK DROP CONSTRAINT PUBLIC.FK18N3BHG0AX2I6VSPMP46CEF14;
ALTER TABLE PUBLIC.TASK ADD CONSTRAINT PUBLIC.FK18N3BHG0AX2I6VSPMP46CEF14 FOREIGN KEY(ASSIGNED_BY_PERSON_ID) INDEX PUBLIC.FK18N3BHG0AX2I6VSPMP46CEF14_INDEX_2 REFERENCES PUBLIC.PERSON(PERSON_ID) ON DELETE SET NULL NOCHECK;
ALTER TABLE PUBLIC.PERSON DROP CONSTRAINT PUBLIC.FKGMD0U1U1K813TDB1D66ATCEGB;
ALTER TABLE PUBLIC.PERSON ADD CONSTRAINT PUBLIC.FKGMD0U1U1K813TDB1D66ATCEGB FOREIGN KEY(EMERGENCY_CONTACT_PERSON_ID) INDEX PUBLIC.FKGMD0U1U1K813TDB1D66ATCEGB_INDEX_8 REFERENCES PUBLIC.PERSON(PERSON_ID) ON DELETE SET NULL NOCHECK;
ALTER TABLE PUBLIC.PERSON_PARENTS DROP CONSTRAINT PUBLIC.FK6X9R3GULM0PVJINF5YU9R7TF;
ALTER TABLE PUBLIC.PERSON_PARENTS ADD CONSTRAINT PUBLIC.FK6X9R3GULM0PVJINF5YU9R7TF FOREIGN KEY(PARENTS_PERSON_ID) INDEX PUBLIC.FK6X9R3GULM0PVJINF5YU9R7TF_INDEX_B REFERENCES PUBLIC.PERSON(PERSON_ID) ON DELETE CASCADE NOCHECK;